Product Name,Price
Digital Watch - For Boys G80 Day & Date Display,₹235
Sport Watch Ultra Watch with LED square & Water Resist ...,₹235
Vintage A158WA-1DF Black Dial Silver Stainless Steel Ba...,"₹1,695"
Analog Watch - For Women AW24_HSWC1212,₹989
Analog Watch - For Women DW00100636,"₹9,715"
Combo Analog Watch - For Men Abx8010-Gents Exclusive (...,₹345
ADRIATICO Analog Watch - For Men FM11465A-A3,"₹4,562"
Digital Watch - For Boys & Girls Waterproof LED Displa...,₹599
Mesh Strap Multicolor Dial Quartz Analog Watch - For M...,₹249
Blue Dial Stainless Steel Analog Watch - For Men TW0TG...,₹639
Analog Watch - For Men 1513868,"₹28,425"
Latest Trending Men's Gold Analog with Digital Capsule ...,₹392
Trending Day & Date Functioning for Boys Analog Watch ...,₹351
Fancy Design Stylish ALPHABET P Dial Black Leather Stra...,₹293
Analog Watch - For Women VH000008C,"₹1,309"
Silver Dial Stainless Steel Analog Watch - For Men TW0...,₹699
With New Design RASA Chain & Bracelet Gold Special Comb...,₹350
Magnetic Chain magnet strap with bracelet hand watch gi...,₹279
BEST ATTRACTIVE DESIGN LATEST WRIST WATCH FOR BOYS & GI...,₹203
Analog Watch - For Men PE000017B,"₹1,729"
Sport Ultra with LED square & Water Resist Feature Digi...,₹250
2-0-2-9 Digital Watch - For Men Abx-2-0-2-9 Black Spor...,₹258
Analog Watch - For Men PV-BK102-Black Silicone Strap B...,₹349
Analog Watch - For Men 3240SL02,"₹1,279"
Analog Watch - For Men AS000010E,"₹1,229"
Trending Premium Quality Day & Date Functioning for Boy...,₹300
Trending Day & Date Series Stainless Steel Chain for Bo...,₹330
Antique 2.0 Day & Date Analog Watch - For Men & Women ...,₹324
BEST ATTRACTIVE DESIGN LATEST WRIST WATCH FOR BOYS & GI...,₹203
Tees Analog Watch - For Men & Women NG38003PP08,₹489
Multi-Function Stylish Sports PU Strap Amazing Look Coo...,₹235
Day And Date Functioning High Quality Combo Of King Pri...,₹349
Blue Dial Leather Strap Analog Watch - For Men TW0TG73...,₹699
Analog Watch - For Men AS000010F,"₹1,159"
Analog mens watches watches for men - DCMJ1 Analog Watc...,"₹1,095"
Digital Watch - For Boys & Girls 5400,₹274
Sport Watch Ultra Watch with LED square & Water Resist ...,₹250
OTUS Limited Day and Date Functioning Series Square Dia...,₹349
Karishma Analog Watch - For Women NP2598WM03,"₹1,679"
RHETT Analog Watch - For Men BQ1009,"₹5,349"
Mahadev Watch And Bracelet Combo Set Analog Watch - Fo...,₹278
All Black Day & Date Functioning Long Life Black Plated...,₹499
Elegant Series Square Analog Quartz For Men/Boys Analog...,₹329
Bare Collection Analog Watch - For Men & Women 3312PP0...,"₹2,195"
Analog Watch - For Women NN8976SM01W,₹749
New Good Looking Attractive Watch Digital Watch - For ...,₹140
Day & Date Functioning Original Gold Plated Adjustable ...,₹444
Bleed Blue Day and Date Functioning Strap Adult Quartz ...,₹289
Analog Watch - For Men 3240SL01,"₹1,109"
BEST ATTRACTIVE DESIGN LATEST WRIST WATCH FOR BOYS & GI...,₹203
Analog Watch - For Women KN-003 New Rose gold colored ...,₹329
Multicolor Lights 3D Cute Cartoon Multi Function Rubber...,₹289
Youth ( AE-1200WHD-1AVDF ) Digital Watch - For Men D09...,"₹3,395"
Analog Watch - For Men AS000010B,₹839
Elite Analog Watch - For Women L-62713LMLI,₹339
Analog mens watches watches for men - DCMJ1 Analog Watc...,"₹1,095"
Croco Strap Trending Day & Date Functioning For Boys An...,₹275
Waterproof Sports Multifunctional Alarm Digital Watch ...,₹301
Black Dial Stainless Steel Analog Watch - For Men TW0T...,₹679
Chronograph Analog Watch - For Men LC07385.390,"₹3,609"
Date N Day Analog Watch - For Boys AR-101-WHT New,₹329
Day and Date Functioning Blue Dial Analog Watch - For ...,₹344
Gorgeous Analog Watch - For Women Diamond Studded Seri...,₹338
Analog mens watches watches for men - DCMJ1 Analog Watc...,"₹1,095"
Minimalists Analog Watch - For Men 38024PP25,₹895
Silver Dial Stainless Steel Analog Watch - For Men TW0...,"₹1,029"
Trending Day & Date Series Stainless Steel Chain for Bo...,₹338
Printed White Day and Date Analog Watch - For Men 2058...,₹339
Analog Watch - For Men 3240SM01,"₹1,449"
Stylish His & Her Combo Set Analog Watch - For Couple ...,₹376
STAINLESS STEEL Analog Watch - For Girls K-CHAIN STYLI...,₹299
Analog Watch - For Girls Magnet Strap Mash Girls Watch...,₹279
Analog Watch - For Women AMWW214,₹760
Analog Watch - For Women VH000008E,"₹1,339"
Traditional Analog Watch - For Men VH000036C,"₹2,469"
All-Black Day & Date Display Analog Watch - For Men Bl...,₹395
Waterproof IGP-HM Analog Watch - For Men IGP-HM-GOLD W...,₹523
GOLD PLATED LONG LIFE DAY N DATE Analog Watch - For Me...,₹376
Green Dial Analog Watch - For Women TWEL20603,"₹2,589"
Essential Gents collection Analog Watch - For Men 7708...,"₹1,245"
LD-L41-BLK-CH Silver Mesh Strap Girls Analog Watch - F...,₹263
Classy Look Black Dial and Sliver Chain Analog Watch -...,₹359
Youth Digital ( AE-1100W-1BVDF ) Digital Watch - For B...,"₹1,599"
ENTICER Analog Watch - For Men A2036 (MTP-V005L-2B4UDF...,"₹1,399"
Youth- Digital Watch - For Boys & Girls D228 (W-737H-1...,"₹2,049"
Digital Watch looks like smart watch Digital Watch - F...,₹141
Designer Analog Watch - For Men NEW-158_PV-BK101-Black...,₹439
Big Dial Analog Watch - For Men KL-9301-BLACK,₹399
Analog Watch - For Men 3240SL03,"₹1,379"
Karishma Analog Watch - For Men NP1825KM01,"₹3,655"
Slim Series Quartz Analog Watch - For Men PRVG129,₹314
LD-L41-BLU-CH Silver Mesh Strap Girls Analog Watch - F...,₹263
Analog Watch - For Men PE000014A,₹699
Elivor Fashion Combo Mens Watch BLACK & ORANGE Digital ...,₹310
Stainless Steel Chain with Self Size Adjustable Analog ...,₹319
Multifunction Analog Watch - For Men 90143KM01,"₹4,849"
Disney Ariel Prince Green Dial-AZ89 Analog Watch - For...,₹489
Marvel Mighty Avengers Bring the thunder-AZ173 Analog W...,₹499
2023 Edition Analog Watch - For Men PE000061A,"₹1,469"
Essential Gents collection Analog Watch - For Men 7708...,"₹1,095"
LD-L144-BLACK-CH Silver Mesh Strap Girls Analog Watch ...,₹305
Analog Watch - For Men Watch,"₹6,657"
Daisy Analog Watch - For Women ES4791,"₹5,599"
Multi Function Black Dial Analog Watch - For Men TWHG3...,"₹2,329"
Essential Gents Analog Watch - For Men NN77105SM01W,"₹1,185"
Analog Watch - For Women VH000007F,"₹1,119"
Analog Watch - For Girls Butterfly Design Premium Leat...,₹279
Working Day and Date Analog Watch - For Men KL-9101-BL...,₹419
Analog Watch - For Women AS000016C,₹899
Low cost - Astra Analog Watch - For Women NP87018YL01W,₹645
Analog Watch - For Women 28000135-D,"₹7,399"
Analog-Digital Watch - For Men NF9197L GGNGN,"₹3,149"
Essential Gents collection Analog Watch - For Men 7708...,"₹1,745"
Analog Watch - For Men WRG00064B,₹619
"Digital 24 Spiderman Wonderful Projector Kids, Diwali G...",₹246
Analog Watch - For Men NP7987YL01W,₹699
stainless steel chain shiny attractive blue stylish dia...,₹299
Disney Mickey Black and White-AZ88 Analog Watch - For ...,₹439
Analog Watch - For Men PE000017E,"₹1,609"
By Sonata Analog Watch - For Men NF7921PP13,₹595
Analog Watch - For Women AS000015E,₹969
Analog Watch - For Women AW24_HSWC1212,₹989
Analog Watch - For Women DW00100636,"₹9,715"
Blue Round Dial Quartz Analog Watch - For Men TWTG73SM...,"₹1,257"
White Round Dial Quartz Analog Watch - For Men TWTG73S...,"₹1,257"
Analog Watch - For Women AS000018B,"₹1,869"
Aura Analog Watch - For Men 3240SL04,"₹2,489"
Digital Watch - For Girls Waterproof Casual Luminous S...,₹140
ADRIATICO Analog Watch - For Men FM11465A-A3,"₹4,562"
Stunners 4.0 Analog Watch - For Men 3255NM02,"₹2,495"
Analog Watch - For Men PE000009C,₹669
Digital Watch - For Boys & Girls Waterproof LED Displa...,₹599
Vyb Bliss Analog Watch - For Women FV60046QM02W,"₹1,640"
Analog Watch - For Men PE000012A,₹799
Purple-Dial Analog Watch - For Women TWEL11415,"₹1,299"
Analog Watch - For Women VH000007E,"₹1,279"
FK Exclusive Analog Watch - For Women 6285WM01,"₹2,489"
BEST ATTRACTIVE DESIGN LATEST WRIST WATCH FOR BOYS & GI...,₹199
Green Dial Stainless Steel Analog Watch - For Women TW...,"₹1,389"
Alpha Black Dial Analog Watch - For Men 3276NM03,"₹2,517"
Essential Gents collection Analog Watch - For Men NP77...,"₹1,345"
Fancy Design Stylish ALPHABET P Dial Black Leather Stra...,₹293
Analog Watch - For Girls Luxury Mesh Magnet Buckle Sta...,₹289
Digital Watch - For Boys & Girls s47_BlackUltW,₹279
Fundamentals Analog Watch - For Men NP38051SL02,"₹1,795"
BEST ATTRACTIVE DESIGN LATEST WRIST WATCH FOR BOYS & GI...,₹203
Minimals Analog Watch - For Men 1806NM01,"₹3,995"
Provogue Long Life premium quality semi water resistant...,₹359
Black Dial & Pink Silicon Strap Square LED Digital Watc...,₹150
BEST ATTRACTIVE DESIGN LATEST WRIST WATCH FOR BOYS & GI...,₹203
Champagne-Dial Analog Watch - For Men TW000R431,"₹1,189"
2023 Edition Analog Watch - For Men AS000050C,"₹1,739"
Digital Watch - For Boys & Girls Digital Watch - For B...,₹140
Timeless Elegance for Every Occasion Analog Watch - Fo...,₹549
Trending Day & Date Functioning for Boys Analog Watch ...,₹350
Silver Dial Analog Watch - For Women TWEL107SMU04,"₹1,529"
Enticer Men's ( MTP-V002D-1BUDF ) Analog Watch - For M...,"₹1,339"
BEST ATTRACTIVE DESIGN LATEST WRIST WATCH FOR BOYS & GI...,₹199
Core Analog Watch - For Men 7135SL03,₹975
Analog Luminous Index Analog Watch - For Men LC07368.3...,"₹2,959"
Analog Watch - For Women LC07448.270,"₹2,889"
Bare Collection Analog Watch - For Men & Women 3312PP0...,"₹2,195"
Analog Watch - For Men AS000001B,"₹1,569"
Tees Urbanique Analog Watch - For Men 38024PP83W,₹895
Alpha Black Dial Analog Watch - For Women 6222NL02,"₹1,029"
BEST ATTRACTIVE DESIGN LATEST WRIST WATCH FOR BOYS & GI...,₹203
Poze White Dial Silver Strap Analog Watch - For Women ...,₹859
Water Resistance Digital Watch - For Boys & Girls Bran...,₹189
DK11599-4 Analog Watch - For Men DK11599-4,"₹2,019"
Analog mens watches watches for men - DCMJ1 Analog Watc...,"₹1,095"
Analog Watch - For Women DK11138-5,"₹2,119"
SF Essentials Digital Watch - For Men NP77073PP05,₹499
Vintage A168WGG-1BDF Black Dial Black Stainless Steel B...,"₹5,295"
Analog mens watches watches for men - DCMJ1 Analog Watc...,"₹1,095"
Lagan 2021-22 Analog Watch - For Women 2656WM01,"₹2,835"
Analog Luminous Index Analog Watch - For Men LC07368.3...,"₹2,959"
Automatic Blue Dial Analog Watch - For Men TW000Z804,"₹8,339"
Stylish His & Her Combo Set Analog Watch - For Couple ...,₹376
Champagne-Dial Analog Watch - For Women TWEL11414,"₹1,309"
Big Dial Analog Watch - For Men KL-9301-SILVER,₹399
Analog Watch - For Men WRG00066A,₹469
All-Black Day & Date Display Analog Watch - For Men Bl...,₹395
Enticer Men's ( MTP-VD01D-1BVUDF ) Analog Watch - For ...,"₹2,995"
Vintage A700WM-7ADF Silver Dial Silver Stainless Steel ...,"₹3,695"
Silver Dial Analog Watch - For Men TW00ZR254,₹949
Analog Watch - For Women 87036PL03W,₹549
Analog Watch - For Men PE000014B,₹809
Analog Watch - For Women 87037PL01W,₹569
Fundamentals Analog Watch - For Women NM68010SM02,"₹1,795"
SO Mass Analog Watch - For Men NP7987YM06W,₹999
By Sonata Digital Watch - For Men NG7982PP03J,₹549
Low cost - Astra Analog Watch - For Women NP87018YM01,₹825
Vyb Minimalist Analog Watch - For Women FV60024QM01W,"₹1,700"
Multi Function Silver Dial Analog Watch - For Men TWEG...,"₹1,759"
New Generation Black LED Display Top Latest Design In M...,₹149
Raga Delight Analog Watch - For Women 2608QM02,"₹5,995"
Maxima Elite Analog Watch - For Men L-63061LMGI,₹549
Silver-Dial Analog Watch - For Women TWEL11413,"₹1,309"
Vyb Halo Black Dial Gold Strap Analog Watch - For Wome...,"₹1,319"
Campus upgrades Analog Watch - For Men NP7924SL04,₹689
Dual Time Analog Watch - For Men LC07506.451,"₹3,249"
Analog Watch - For Men WRG00065B,₹809
Karishma Analog Watch - For Women 2598SM01,"₹1,745"
Rhett Analog Watch - For Men BQ2848,"₹7,499"
Vintage Black Dial Silver Stainless Steel Band Digital ...,"₹1,995"
Analog Watch - For Women AMWW338,₹944
Essential Gents collection Analog Watch - For Men 7708...,₹995
Black Dial Stainless Steel Analog Watch - For Women TW...,"₹1,269"
FK Exclusive Analog Watch - For Women 6284NM01,"₹1,579"
Digital Watch - For Boys & Girls FB-003-KDS/SPDR,₹283
Black Dial Analog Watch - For Women TWHL41SMU08,"₹1,199"
Digital Watch - For Women Digital Waterproof Sports Sq...,₹260
Silver Dial Watch Gift Set Analog Watch - For Couple T...,"₹3,489"
2023 Edition Analog Watch - For Women AS000057C,"₹1,369"
By Sonata Digital Watch - For Men NG7982PP02J,₹575
Analog Watch - For Men WRG00065C,₹729
Edifice EFR-526D-1AVUDF Black Dial Silver Stainless Ste...,"₹6,799"
Analog Watch - For Men AS000026A,"₹1,239"
Minimalists Analog Watch - For Men 38024PP24,₹895
Analog Watch - For Women AS000016A,"₹1,009"
Sonata Essential Analog Watch - For Men NP77083YM01,"₹1,345"
Tees Urbanique Analog Watch - For Women 38037PP23W,₹825
Provogue Classy look premium quality semi water resista...,₹300
T-800 ULTRA Digital Watch - For Boys T-800 ULTRA,₹279
Analog Watch - For Men 77086PP06W,₹569
By Sonata Digital Watch - For Men NH77043PP02,₹695
ENTICER MEN Analog Watch - For Men A2317 ( MTP-V006L-1...,"₹2,495"
Gold Edit 2 Analog Watch - For Women 87043YL02W,₹999
2024 Edition Analog Watch - For Men PE000066E,"₹2,139"
Analog Watch - For Women VH000010A,₹949
Disney Charectors Analog Watch - For Girls AZ22,₹385
Neo Splash Analog Watch - For Men 1805QM01,"₹6,995"
Vintage Gold Dial Gold Stainless Steel Band Digital Wat...,"₹5,295"
Karishma Revive Analog Watch - For Women NP2593SM01,"₹1,720"
Enticer Men's ( MTP-VD01D-1E2VUDF ) Analog Watch - For...,"₹2,995"
Analog Watch - For Men PE000016B,₹729
Analog Watch - For Women 8096YM02C,"₹1,125"
Essentials 2 Analog Watch - For Men NP77083SM03,₹995
Silver Dial Analog Watch - For Women TWHL41SMU09,"₹1,319"
Trending Daily Wear Watch for Men Analog Watch - For M...,₹450
Premium Analog Watch - For Men DK11599-44,"₹1,609"
Stella Analog Watch - For Women ES4079,"₹7,339"
Vintage Gold Dial Gold Stainless Steel Band Digital Wat...,"₹3,149"
Neon Analog Watch - For Men NG38003PP13C,₹895
Classique Analog Watch - For Men 7987SM06W,₹845
RPM 2.0 Analog Watch - For Men 7924SM11,"₹1,345"
Tees Analog Watch - For Men & Women 38024PP57W,₹589
Camo Analog Watch - For Men 77086PP11W,₹745
Basic Analog Watch for Men with Day and Date Display An...,₹300
Fastrack Vyb 2.0 Analog Watch - For Women FV60028WM01W,"₹1,850"
Analog Watch - For Boys WRG00112E,₹449
Analog Watch - For Women NP8976YL01W,₹675
Analog Watch - For Women HOBDB-127-RG-BK,₹690
Elegance Analog Watch - For Women VH000025D,₹959
White Dial Analog Watch - For Men A303,₹879
2023 Edition Analog Watch - For Women AS000047B,₹909
SO Mass Analog Watch - For Women NP8976YM07W,₹975
Karishma refresher Analog Watch - For Men NM1712YM02,"₹2,235"
Analog Watch - For Men PE000003B,"₹1,009"
Youth Series Digital Watch - For Men D218 (AE-1500WH-1...,"₹2,495"
Enticer ( MTP-1374D-7AVDF ) Analog Watch - For Men A83...,"₹4,799"
Grey Dial Analog Watch - For Women TWEL155SMU02,"₹1,839"
Analog Watch - For Men TW000X130,"₹3,734"
Analog Watch - For Women 8092YM02C,"₹1,225"
Trendies Analog Watch - For Men 38044PP02,"₹1,299"
SF- Economic Girls Analog Watch - For Women NN8989PP02,₹695
Bold Fonts Analog Watch - For Men NN38051SM07,"₹2,195"
Bule Dial Analog Watch - For Men TWNTG09SMU10,₹949
Silver Dial Stainless Steel Analog Watch - For Men TW0...,₹699
TwoTone Wrist Chain Watch For Mens & Boys Brand Gold Wa...,₹339
Volt + Analog Watch - For Men NP77085PL02W,₹849
Automatic Green Dial Analog Watch - For Men TWEG208SMU...,"₹6,659"
Analog-Digital Watch - For Men 38071PP01,"₹1,929"
Poze Black Dial Black Strap Analog Watch - For Women S...,₹999
Neo Economy Analog Watch - For Women 2639WM01,"₹2,559"
Black Magic Analog Watch - For Men NN3089SL05,"₹2,795"
Karishma Flipkart SMU Analog Watch - For Men 1899QM01,"₹3,069"
LK203 Analog Watch - For Men Day and Date Functioning ...,₹464
Analog Watch - For Women 2634WP01,"₹3,389"
Enticer Men Analog Watch - For Men A2156 (MTP-SN1SR-1A...,"₹3,295"
LK203 Analog Watch - For Men Day and Date Functioning ...,₹464
Poze Women Analog Silver Dial Blue Strap Analog Watch ...,₹999
Vyb Muse White Dial White Strap Analog Watch - For Wom...,"₹1,369"
Neo Gents V Analog Watch - For Men NQ1805NM02,"₹7,815"
Trendies Analog Watch - For Women 68007PP02,"₹1,509"
DIGITAL KIDS-BOYS-G-SPORT LOOK BAND SHOCK CHRONOGRAPH R...,₹205
Enticer Men Analog Watch - For Men A2156 (MTP-SN1SR-1A...,"₹3,295"
New Generation Black LED Display Top Latest Design In M...,₹149
Black-Dial Analog Watch - For Men TI000R41500,"₹1,059"
Enticer Men Analog Watch - For Men A2371(MTP-1302D-2A2...,"₹3,995"
Analog Watch - For Women 2634WP01,"₹3,389"
Automatic Silver Dial Analog Watch - For Men TWEG208SM...,"₹6,469"
Sleek 5.0 Analog Watch - For Men 7148SL02,"₹1,557"
Midnight Black Dial | Silicon Mesh Strap | Wrinkle-Free...,₹204
Analog Watch - For Girls Wrist Watch,₹309
3ATM Waterproof Sports Watch for Men Boys with Backligh...,₹329
Analog Watch - For Women NN8976YL03W,₹675
Poze Green Dial Brown Strap Analog Watch - For Men SP7...,₹779
Multi Function Silver Dial Analog Watch - For Men TWEG...,"₹2,129"
Enticer ( MTP-VD01D-2BVUDF ) Analog Watch - For Men A1...,"₹2,995"
Titan Analog Watch - For Men 1773SL04,"₹2,109"
Analog Watch - For Men NP1773SM01,"₹1,709"
Trendies Digital Watch - For Men NN38045PP03,"₹2,395"
Poze - Metal Analog Watch - For Women SP80076KD03WF,"₹1,795"
Automatic Silver Dial Analog Watch - For Men TWEG208SM...,"₹6,659"
Analog Watch - For Women AMWW215,₹798
Neo Ladies Analog Watch - For Women NN2481SL07,"₹1,995"
PARTY Analog Watch - For Men NP1474SM01,"₹3,895"
Titan KARISHMA RADIANCE-2.0 Analog Watch - For Men 182...,"₹3,095"
Classic Plastics-I Analog Watch - For Women 87049PP08W,₹659
Volt Analog Watch - For Men 77085PP04,₹725
Neo Gents IV Analog Watch - For Men 1802SL02,"₹1,995"
Wedding collection Analog Watch - For Women NP8085BM02,"₹1,395"
Analog Watch - For Men NH1578SM04,"₹2,445"
Raga Moments of Joy Analog Watch - For Women NQ2606WM0...,"₹7,765"
Ruffles Analog Watch - For Women NP6216QM01,"₹3,995"
Analog Watch - For Women JWBS408,"₹1,320"
Youth ( AE-1200WH-1BVDF ) Digital Watch - For Men D098,"₹2,595"
Aura Analog Watch - For Women 6268NM02,"₹1,317"
Analog Watch - For Men 2211769,"₹1,152"
Midnight party Analog Watch - For Men NP3098SL02,"₹4,195"
2024 Edition Analog Watch - For Men AS000060D,"₹1,099"
Silver Dial Analog Watch - For Men TWTG80SMU16,"₹1,009"
Analog Watch - For Women VH000001A,"₹1,189"
Analog Watch - For Men PE00PR00A,"₹1,119"
Analog Watch - For Men NN7007YM04,"₹1,425"
Marvel Spider man-AZ95 Analog Watch - For Boys AZ95,₹456
Analog Watch - For Men LC07449.270,"₹3,259"
Fastrack Avengers Analog Watch - For Men & Women 9915P...,₹995
Analog-Digital Watch - For Men 38071PP03,"₹2,009"
YOUTH DIGITAL Digital Watch - For Men D308 (WS-1600H-1...,"₹2,639"
2023 Edition Analog Watch - For Men PE000057B,"₹1,479"
Analog Watch - For Men AS000003A,₹919
Gorgeous Analog Watch - For Women Diamond Studded Seri...,₹341
SPLASH 3.0 Analog Watch - For Women 87036PP02W,₹569
Outerbanks Analog Watch - For Men AX2095,"₹10,004"
Karishma Flipkart SMU Analog Watch - For Men 1899SM01,"₹2,249"
Aura Analog Watch - For Women 6268WL03,"₹1,199"
Big Dial Analog Watch - For Men KL-9301-BLACK,₹399
Youth Series Digital Watch - For Men D219 (AE-1500WH-8...,"₹2,495"
Analog Watch - For Women DK11138-2,"₹2,659"
2023 Edition Analog Watch - For Women VH000054B,"₹1,529"
Analog Watch - For Men 2211682,"₹1,330"
Digital Watch - For Boys Green Colour Digital Led Watc...,₹149
Analog Watch - For Men AS000023A,"₹1,069"
Karishma Flipkart SMU Analog Watch - For Men 1899SL01,"₹2,249"
Trendies 3.0 Analog Watch - For Men NP38057PP02,"₹1,895"
Analog Watch - For Men 7140SM04,"₹1,739"
Enticer Men's ( MTP-1314D-2AVDF ) Analog Watch - For M...,"₹3,395"
EDIFICE Analog-Digital Watch - For Men ED612 ( ECB-40N...,"₹10,199"
Analog Watch - For Women O-66865PMLI,₹739
Poze Analog Watch - For Men SP70032NM01W,"₹1,795"
Analog Watch - For Women DK11683-3,"₹2,379"
Pulse I Analog Watch - For Women 6150WM01,"₹2,695"
Metallica Analog Watch - For Men 3273NM01,"₹3,195"
Analog Watch - For Women 6249SM04,"₹1,459"
Zoop upgrade Analog Watch - For Boys & Girls NEC4006PP...,₹845
SF Vigour Multifunctional Sports Analog-Digital Watch ...,"₹1,495"
Analog Watch - For Men 1862SL01,"₹1,709"
Enticer ( MTP-VD01GL-1EVUDF ) Analog Watch - For Men A...,"₹2,995"
Analog Watch - For Women 6249SM04,"₹1,459"
SF Vigour Multifunctional Sports Analog-Digital Watch ...,"₹1,495"
Analog Watch - For Women DK11683-3,"₹2,379"
Zoop upgrade Analog Watch - For Boys & Girls NEC4006PP...,₹845
Analog Watch - For Men 1862SL01,"₹1,709"
Poze - Metal Analog Watch - For Men SP70045NM01W,"₹2,140"
Raga Viva Analog Watch - For Women NP2576WM01,"₹5,120"
Sleek 4 Analog Watch - For Men NP7144SM01,"₹1,319"
Analog Watch - For Women O-66861PMLI,₹539
Bare Basics Analog Watch - For Men 3121SM02,"₹1,995"
Analog Watch - For Women NP2535YM01,"₹1,875"
Rose Gold Dial Stainless Steel Analog Watch - For Wome...,"₹1,219"
Vyb Classique Blue Dial Silver Strap Analog Watch - Fo...,"₹1,169"
Karishma Analog Watch - For Men NN1639SM01,"₹1,995"
Analog Watch - For Girls SW-311Combo Pack Of 3,₹259
Basics Analog Watch - For Women 6204SL02,"₹1,149"
Analog Watch - For Men LC07449.560,"₹3,259"
Vyb Aurora Analog Watch - For Women FV60052YM01W,"₹2,420"
Enticer ( MTP-1314SG-1AVDF ) Analog Watch - For Men A7...,"₹4,495"
Analog Watch - For Men 8448355,"₹1,330"
Analog Watch - For Women TH1782410W,"₹4,649"
Hype All Black Analog Watch - For Men & Women 68034PP0...,"₹1,295"
Neo Ladies Analog Watch - For Women NN2480KM01,"₹2,919"
Vintage Black Dial Black Resin Strap Digital Watch - F...,"₹1,749"
Analog Watch - For Women 11232334,₹259
G-Shock Dial Multi-Coloured Resin Strap Digital Watch ...,"₹7,495"
Stunners 6.0 Analog Watch - For Men 3278SM03,"₹1,495"
Analog Watch - For Men 3274NL01,"₹1,519"
Silver-Dial Analog Watch - For Men TW0TG6507,"₹1,709"
Poze - Leather Analog Watch - For Men SP70002SL01,"₹1,165"
Analog Luminous Index Analog Watch - For Men LC07368.4...,"₹3,569"
2023 Edition Analog Watch - For Women VH000046C,"₹1,319"
Stunners 6.0 Analog Watch - For Men 3278SL03,"₹1,395"
Original G shock Waterproof Sports Multifunctional Alar...,₹290
Poze - Metal Analog Watch - For Women SP80086WM01W,"₹1,995"
Analog Watch - For Women AMWW325,₹879
Multifunction with Sunray Dial Analog Watch - For Men ...,"₹3,289"
Poze Blue Strap with Blue Dial Analog Watch - For Men ...,₹609
G-Shock Dial Black Resin Strap Digital Watch - For Men...,"₹12,995"
Poze Black Strap with Black Dial Analog Watch - For Me...,₹619
